/*
Navicat SQLite Data Transfer

Source Server         : etoefl
Source Server Version : 30808
Source Host           : :0

Target Server Type    : SQLite
Target Server Version : 30808
File Encoding         : 65001

Date: 2015-07-24 00:56:44
*/

PRAGMA foreign_keys = OFF;

-- ----------------------------
-- Table structure for jawaban
-- ----------------------------
DROP TABLE IF EXISTS "main"."jawaban";
CREATE TABLE "jawaban" (
"id_jawaban"  INTEGER PRIMARY KEY AUTOINCREMENT NOT NULL,
"jawaban"  TEXT,
"id_soal"  INTEGER
);

-- ----------------------------
-- Records of jawaban
-- ----------------------------
INSERT INTO "main"."jawaban" VALUES (1, 'In the eighteenth century', 1);
INSERT INTO "main"."jawaban" VALUES (2, 'It was not until the eighteenth century that', 1);
INSERT INTO "main"."jawaban" VALUES (3, 'Not until the eighteenth century', 1);
INSERT INTO "main"."jawaban" VALUES (4, 'Before the eighteenth century', 1);
INSERT INTO "main"."jawaban" VALUES (5, 'to open home-based business (v)', 2);
INSERT INTO "main"."jawaban" VALUES (6, 'who open home-based business', 2);
INSERT INTO "main"."jawaban" VALUES (7, 'opening businesses home-based', 2);
INSERT INTO "main"."jawaban" VALUES (8, 'base at home their business', 2);
INSERT INTO "main"."jawaban" VALUES (9, 'the presence causes', 3);
INSERT INTO "main"."jawaban" VALUES (10, 'caused by the presence (v)', 3);
INSERT INTO "main"."jawaban" VALUES (11, 'the presence caused', 3);
INSERT INTO "main"."jawaban" VALUES (12, 'is caused by the presence of', 3);
INSERT INTO "main"."jawaban" VALUES (13, 'It is thicker', 4);
INSERT INTO "main"."jawaban" VALUES (14, 'In the thick', 4);
INSERT INTO "main"."jawaban" VALUES (15, 'The thicker the (v)', 4);
INSERT INTO "main"."jawaban" VALUES (16, 'The thick', 4);
INSERT INTO "main"."jawaban" VALUES (17, 'The Cumberland Road (v)', 5);
INSERT INTO "main"."jawaban" VALUES (18, 'The Cumberland Road was', 5);
INSERT INTO "main"."jawaban" VALUES (19, 'On the Cumberland Road', 5);
INSERT INTO "main"."jawaban" VALUES (20, 'When the Cumberland Road', 5);
INSERT INTO "main"."jawaban" VALUES (21, 'necessary for retaining planet', 6);
INSERT INTO "main"."jawaban" VALUES (22, 'retaining necessary planet', 6);
INSERT INTO "main"."jawaban" VALUES (23, 'retained by necessary planet', 6);
INSERT INTO "main"."jawaban" VALUES (24, 'necessary to retain a planet''s (v)', 6);
INSERT INTO "main"."jawaban" VALUES (25, 'more frequently as', 7);
INSERT INTO "main"."jawaban" VALUES (26, 'as frequently than', 7);
INSERT INTO "main"."jawaban" VALUES (27, 'more frequently than (v)', 7);
INSERT INTO "main"."jawaban" VALUES (28, 'frequently than', 7);
INSERT INTO "main"."jawaban" VALUES (29, 'they date back', 8);
INSERT INTO "main"."jawaban" VALUES (30, 'the date is back', 8);
INSERT INTO "main"."jawaban" VALUES (31, 'dating back (v)', 8);
INSERT INTO "main"."jawaban" VALUES (32, 'date back', 8);
INSERT INTO "main"."jawaban" VALUES (33, 'A turkey was', 9);
INSERT INTO "main"."jawaban" VALUES (34, 'For a turkey', 9);
INSERT INTO "main"."jawaban" VALUES (35, 'A turkey that (v)', 9);
INSERT INTO "main"."jawaban" VALUES (36, 'A turkey for', 9);
INSERT INTO "main"."jawaban" VALUES (37, 'whether it', 10);
INSERT INTO "main"."jawaban" VALUES (38, 'know whether it', 10);
INSERT INTO "main"."jawaban" VALUES (39, 'know whether (v)', 10);
INSERT INTO "main"."jawaban" VALUES (40, 'sure whether', 10);
INSERT INTO "main"."jawaban" VALUES (41, 'specialize', 11);
INSERT INTO "main"."jawaban" VALUES (42, 'specialized (v)', 11);
INSERT INTO "main"."jawaban" VALUES (43, 'they specialize', 11);
INSERT INTO "main"."jawaban" VALUES (44, 'specialization', 11);
INSERT INTO "main"."jawaban" VALUES (45, 'it be heated', 12);
INSERT INTO "main"."jawaban" VALUES (46, 'it heated', 12);
INSERT INTO "main"."jawaban" VALUES (47, 'it is heated (v)', 12);
INSERT INTO "main"."jawaban" VALUES (48, 'it will be heated', 12);
INSERT INTO "main"."jawaban" VALUES (49, 'bright enough (v)', 13);
INSERT INTO "main"."jawaban" VALUES (50, 'enough brightly', 13);
INSERT INTO "main"."jawaban" VALUES (51, 'as enough bright', 13);
INSERT INTO "main"."jawaban" VALUES (52, 'bright as enough', 13);
INSERT INTO "main"."jawaban" VALUES (53, 'To found', 14);
INSERT INTO "main"."jawaban" VALUES (54, 'Find', 14);
INSERT INTO "main"."jawaban" VALUES (55, 'The Find', 14);
INSERT INTO "main"."jawaban" VALUES (56, 'Finding (v)', 14);
INSERT INTO "main"."jawaban" VALUES (57, 'locates', 15);
INSERT INTO "main"."jawaban" VALUES (58, 'located (v)', 15);
INSERT INTO "main"."jawaban" VALUES (59, 'they locate', 15);
INSERT INTO "main"."jawaban" VALUES (60, 'they are located', 15);
INSERT INTO "main"."jawaban" VALUES (61, 'It weighs the lesser', 16);
INSERT INTO "main"."jawaban" VALUES (62, 'the less it weights (v)', 16);
INSERT INTO "main"."jawaban" VALUES (63, 'the less its weight', 16);
INSERT INTO "main"."jawaban" VALUES (64, 'it weighs less', 16);
INSERT INTO "main"."jawaban" VALUES (65, 'useful', 17);
INSERT INTO "main"."jawaban" VALUES (66, 'use already made', 17);
INSERT INTO "main"."jawaban" VALUES (67, 'making it useful', 17);
INSERT INTO "main"."jawaban" VALUES (68, 'make use of (v)', 17);
INSERT INTO "main"."jawaban" VALUES (69, 'falling sunlight', 18);
INSERT INTO "main"."jawaban" VALUES (70, 'the fall of sunlight', 18);
INSERT INTO "main"."jawaban" VALUES (71, 'sunlight in the fall', 18);
INSERT INTO "main"."jawaban" VALUES (72, 'sunlight falls (v)', 18);
INSERT INTO "main"."jawaban" VALUES (73, 'approach', 19);
INSERT INTO "main"."jawaban" VALUES (74, 'approaches', 19);
INSERT INTO "main"."jawaban" VALUES (75, 'approaching (v)', 19);
INSERT INTO "main"."jawaban" VALUES (76, 'they approach', 19);
INSERT INTO "main"."jawaban" VALUES (77, 'known as the ecliptic', 20);
INSERT INTO "main"."jawaban" VALUES (78, 'it is known as the ecliptic', 20);
INSERT INTO "main"."jawaban" VALUES (79, 'is known as the ecliptic (v)', 20);
INSERT INTO "main"."jawaban" VALUES (80, 'knowing as the ecliptic', 20);
INSERT INTO "main"."jawaban" VALUES (81, 'If he painted that picture', 21);
INSERT INTO "main"."jawaban" VALUES (82, 'If he paints that picture', 21);
INSERT INTO "main"."jawaban" VALUES (83, 'If he had painted that picture (v)', 21);
INSERT INTO "main"."jawaban" VALUES (84, 'If he would have painted that picture', 21);
INSERT INTO "main"."jawaban" VALUES (85, 'infected with simple bacteria', 22);
INSERT INTO "main"."jawaban" VALUES (86, 'from simple bacteria infections (v)', 22);
INSERT INTO "main"."jawaban" VALUES (87, 'infections were simple bacteria', 22);
INSERT INTO "main"."jawaban" VALUES (88, 'infecting of simple bacteria', 22);
INSERT INTO "main"."jawaban" VALUES (89, 'skillful chips', 23);
INSERT INTO "main"."jawaban" VALUES (90, 'skillfully chipped (v)', 23);
INSERT INTO "main"."jawaban" VALUES (91, 'chipping skillfully', 23);
INSERT INTO "main"."jawaban" VALUES (92, 'chips are skillful', 23);
INSERT INTO "main"."jawaban" VALUES (93, 'Other scientists', 24);
INSERT INTO "main"."jawaban" VALUES (94, 'Similar to other scientists (v)', 24);
INSERT INTO "main"."jawaban" VALUES (95, 'Just as other scientists', 24);
INSERT INTO "main"."jawaban" VALUES (96, 'To be a scientist', 24);
INSERT INTO "main"."jawaban" VALUES (97, 'it is', 25);
INSERT INTO "main"."jawaban" VALUES (98, 'is that', 25);
INSERT INTO "main"."jawaban" VALUES (99, 'is (v)', 25);
INSERT INTO "main"."jawaban" VALUES (100, 'being', 25);
INSERT INTO "main"."jawaban" VALUES (101, 'when backed (v)', 26);
INSERT INTO "main"."jawaban" VALUES (102, 'it is backed', 26);
INSERT INTO "main"."jawaban" VALUES (103, 'is backed', 26);
INSERT INTO "main"."jawaban" VALUES (104, 'when is it backed', 26);
INSERT INTO "main"."jawaban" VALUES (105, 'support', 27);
INSERT INTO "main"."jawaban" VALUES (106, 'supporting', 27);
INSERT INTO "main"."jawaban" VALUES (107, 'the support', 27);
INSERT INTO "main"."jawaban" VALUES (108, 'to support (v)', 27);
INSERT INTO "main"."jawaban" VALUES (109, 'To better permit (v)', 28);
INSERT INTO "main"."jawaban" VALUES (110, 'Permitting better', 28);
INSERT INTO "main"."jawaban" VALUES (111, 'For the better of', 28);
INSERT INTO "main"."jawaban" VALUES (112, 'It is better for', 28);
INSERT INTO "main"."jawaban" VALUES (113, 'Marconi''s development', 29);
INSERT INTO "main"."jawaban" VALUES (114, 'The development by Marconi', 29);
INSERT INTO "main"."jawaban" VALUES (115, 'Developing Marconi', 29);
INSERT INTO "main"."jawaban" VALUES (116, 'Marconi developed (v)', 29);
INSERT INTO "main"."jawaban" VALUES (117, 'was', 30);
INSERT INTO "main"."jawaban" VALUES (118, 'which was (v)', 30);
INSERT INTO "main"."jawaban" VALUES (119, 'which it', 30);
INSERT INTO "main"."jawaban" VALUES (120, 'which', 30);
INSERT INTO "main"."jawaban" VALUES (121, 'Hybrid sensor', 31);
INSERT INTO "main"."jawaban" VALUES (122, 'Digital X-ray sensor (v)', 31);
INSERT INTO "main"."jawaban" VALUES (123, 'Monolithic X-ray sensor', 31);
INSERT INTO "main"."jawaban" VALUES (124, 'Readout Integrated Circuit (ROIC)', 31);
INSERT INTO "main"."jawaban" VALUES (125, 'Mixed (v)', 32);
INSERT INTO "main"."jawaban" VALUES (126, 'Cross-breed ', 32);
INSERT INTO "main"."jawaban" VALUES (127, 'Superior', 32);
INSERT INTO "main"."jawaban" VALUES (128, 'Sophisticated', 32);
INSERT INTO "main"."jawaban" VALUES (129, 'To develop low noise hybrid devices', 33);
INSERT INTO "main"."jawaban" VALUES (130, 'To provide connections between pixel detector and ROIC (v)', 33);
INSERT INTO "main"."jawaban" VALUES (131, 'To determine the minimum size of the flip chip bumps', 33);
INSERT INTO "main"."jawaban" VALUES (132, 'To accommodate the readout circuitry', 33);
INSERT INTO "main"."jawaban" VALUES (133, 'There are two kinds of digital X-ray imaging sensors ', 34);
INSERT INTO "main"."jawaban" VALUES (134, 'One integrated circuit is used for each X-ray sensitive detector and ROIC (v)', 34);
INSERT INTO "main"."jawaban" VALUES (135, 'The first preamplifier and ROIC is placed near detector to reduce disturbances', 34);
INSERT INTO "main"."jawaban" VALUES (136, 'Application, sensor size, and resolution will determine the kind sensor technology', 34);
INSERT INTO "main"."jawaban" VALUES (137, 'distractions', 35);
INSERT INTO "main"."jawaban" VALUES (138, 'disruptions (v)', 35);
INSERT INTO "main"."jawaban" VALUES (139, 'distortions', 35);
INSERT INTO "main"."jawaban" VALUES (140, 'dispositions', 35);
INSERT INTO "main"."jawaban" VALUES (141, 'are divided into two separate chips', 36);
INSERT INTO "main"."jawaban" VALUES (142, 'are determined by the minimum size of the flip chip', 36);
INSERT INTO "main"."jawaban" VALUES (143, 'contain at least part of the readout electronics on chip', 36);
INSERT INTO "main"."jawaban" VALUES (144, 'utilize chips to process input (v)', 36);
INSERT INTO "main"."jawaban" VALUES (145, 'primarily (v)', 37);
INSERT INTO "main"."jawaban" VALUES (146, 'generally', 37);
INSERT INTO "main"."jawaban" VALUES (147, 'highly', 37);
INSERT INTO "main"."jawaban" VALUES (148, 'finally', 37);
INSERT INTO "main"."jawaban" VALUES (149, 'Line 13 - 14', 38);
INSERT INTO "main"."jawaban" VALUES (150, 'Line 14 - 15', 38);
INSERT INTO "main"."jawaban" VALUES (151, 'Line 16 - 17 (v)', 38);
INSERT INTO "main"."jawaban" VALUES (152, 'Line 17 - 19', 38);
INSERT INTO "main"."jawaban" VALUES (153, 'an electronic component (v)', 39);
INSERT INTO "main"."jawaban" VALUES (154, 'a device to connect two component', 39);
INSERT INTO "main"."jawaban" VALUES (155, 'a detector', 39);
INSERT INTO "main"."jawaban" VALUES (156, 'a pixel segmentation', 39);
INSERT INTO "main"."jawaban" VALUES (157, 'The most expensive and ambitious mission', 40);
INSERT INTO "main"."jawaban" VALUES (158, 'A NASA''s space exploration program (v)', 40);
INSERT INTO "main"."jawaban" VALUES (159, 'Viking 1 probe', 40);
INSERT INTO "main"."jawaban" VALUES (160, 'Martian lander', 40);
INSERT INTO "main"."jawaban" VALUES (161, 'A spacecraft that orbits Mars (v)', 41);
INSERT INTO "main"."jawaban" VALUES (162, 'Viking 1', 41);
INSERT INTO "main"."jawaban" VALUES (163, 'A Location in the space', 41);
INSERT INTO "main"."jawaban" VALUES (164, 'An instrument to take rock samples from Mars', 41);
INSERT INTO "main"."jawaban" VALUES (165, 'To go where no men has ever gone before', 42);
INSERT INTO "main"."jawaban" VALUES (166, 'To discover other life forms in the space', 42);
INSERT INTO "main"."jawaban" VALUES (167, 'To take beautiful photograph of Mars', 42);
INSERT INTO "main"."jawaban" VALUES (168, 'To gather information about Mars (v)', 42);
INSERT INTO "main"."jawaban" VALUES (169, 'replay', 43);
INSERT INTO "main"."jawaban" VALUES (170, 'transmitters (v)', 43);
INSERT INTO "main"."jawaban" VALUES (171, 'recorders', 43);
INSERT INTO "main"."jawaban" VALUES (172, 'routers', 43);
INSERT INTO "main"."jawaban" VALUES (173, 'Line 6 - 8', 44);
INSERT INTO "main"."jawaban" VALUES (174, 'Line 8 - 10 (v)', 44);
INSERT INTO "main"."jawaban" VALUES (175, 'Line 10 - 12', 44);
INSERT INTO "main"."jawaban" VALUES (176, 'Line 13 - 15', 44);
INSERT INTO "main"."jawaban" VALUES (177, 'driving ', 45);
INSERT INTO "main"."jawaban" VALUES (178, 'Being carried (v)', 45);
INSERT INTO "main"."jawaban" VALUES (179, 'Rising', 45);
INSERT INTO "main"."jawaban" VALUES (180, 'Being pulled', 45);
INSERT INTO "main"."jawaban" VALUES (181, 'There were two space probes sent to Mars', 46);
INSERT INTO "main"."jawaban" VALUES (182, 'There were two landers and two orbiters in each spacecraft', 46);
INSERT INTO "main"."jawaban" VALUES (183, 'Viking program was the pioneer of NASA''s space exploration (v)', 46);
INSERT INTO "main"."jawaban" VALUES (184, 'An orbiter weighed about 3.5 tons', 46);
INSERT INTO "main"."jawaban" VALUES (185, 'Separated (v)', 47);
INSERT INTO "main"."jawaban" VALUES (186, 'Split', 47);
INSERT INTO "main"."jawaban" VALUES (187, 'Went away', 47);
INSERT INTO "main"."jawaban" VALUES (188, 'Broke apart', 47);
INSERT INTO "main"."jawaban" VALUES (189, 'As soon as the spacecraft reached the orbit', 48);
INSERT INTO "main"."jawaban" VALUES (190, 'When NASA space station remote-controlled the crafts to enter the planet', 48);
INSERT INTO "main"."jawaban" VALUES (191, 'After the spacecraft orbited the Mars and found a location for landing (v)', 48);
INSERT INTO "main"."jawaban" VALUES (192, 'When the Martian atmosphere is clear enough for landing', 48);
INSERT INTO "main"."jawaban" VALUES (193, 'Making pictures (v)', 49);
INSERT INTO "main"."jawaban" VALUES (194, 'Imagining', 49);
INSERT INTO "main"."jawaban" VALUES (195, 'Creating holographs', 49);
INSERT INTO "main"."jawaban" VALUES (196, 'Mirroring', 49);
INSERT INTO "main"."jawaban" VALUES (197, 'if they should advertising', 50);
INSERT INTO "main"."jawaban" VALUES (198, 'selling advertising', 50);
INSERT INTO "main"."jawaban" VALUES (199, 'sold advertising', 50);
INSERT INTO "main"."jawaban" VALUES (200, 'to sell advertising (v)', 50);
INSERT INTO "main"."jawaban" VALUES (201, 'for extend', 51);
INSERT INTO "main"."jawaban" VALUES (202, 'extended', 51);
INSERT INTO "main"."jawaban" VALUES (203, 'to extend (v)', 51);
INSERT INTO "main"."jawaban" VALUES (204, 'separated ', 52);
INSERT INTO "main"."jawaban" VALUES (205, 'separating', 52);
INSERT INTO "main"."jawaban" VALUES (206, 'to separate (v)', 52);
INSERT INTO "main"."jawaban" VALUES (207, 'separate', 52);
INSERT INTO "main"."jawaban" VALUES (208, 'to eat quickly and cheaply (v)', 53);
INSERT INTO "main"."jawaban" VALUES (209, 'eating quickly and cheaply', 53);
INSERT INTO "main"."jawaban" VALUES (210, 'eat quickly and cheaply', 53);
INSERT INTO "main"."jawaban" VALUES (211, 'the eat quickly and cheaply', 53);
INSERT INTO "main"."jawaban" VALUES (212, 'in passing his drivers''s test (v)', 54);
INSERT INTO "main"."jawaban" VALUES (213, 'to pass his drivers''s test', 54);
INSERT INTO "main"."jawaban" VALUES (214, 'to have his drivers''s test', 54);
INSERT INTO "main"."jawaban" VALUES (215, 'passing his drivers''s test', 54);
INSERT INTO "main"."jawaban" VALUES (216, 'describe', 55);
INSERT INTO "main"."jawaban" VALUES (217, 'descriptive', 55);
INSERT INTO "main"."jawaban" VALUES (218, 'description (v)', 55);
INSERT INTO "main"."jawaban" VALUES (219, 'describing', 55);
INSERT INTO "main"."jawaban" VALUES (220, 'objects vibrate quickly (v)', 56);
INSERT INTO "main"."jawaban" VALUES (221, 'quickly vibrating objects', 56);
INSERT INTO "main"."jawaban" VALUES (222, 'objects to quickly vibrating', 56);
INSERT INTO "main"."jawaban" VALUES (223, 'vibration of objects', 56);
INSERT INTO "main"."jawaban" VALUES (224, 'the members applauded him', 57);
INSERT INTO "main"."jawaban" VALUES (225, ' he gave a short acceptance speech (v)', 57);
INSERT INTO "main"."jawaban" VALUES (226, 'a speech had to be given by him', 57);
INSERT INTO "main"."jawaban" VALUES (227, 'the members congratulated him', 57);
INSERT INTO "main"."jawaban" VALUES (228, 'An', 58);
INSERT INTO "main"."jawaban" VALUES (229, 'brightly (v)', 58);
INSERT INTO "main"."jawaban" VALUES (230, 'as', 58);
INSERT INTO "main"."jawaban" VALUES (231, 'bulb', 58);
INSERT INTO "main"."jawaban" VALUES (232, 'novels', 59);
INSERT INTO "main"."jawaban" VALUES (234, 'were', 59);
INSERT INTO "main"."jawaban" VALUES (235, 'anonymous (v)', 59);
INSERT INTO "main"."jawaban" VALUES (236, 'her', 59);
INSERT INTO "main"."jawaban" VALUES (237, 'job (v)', 60);
INSERT INTO "main"."jawaban" VALUES (238, 'a job', 60);
INSERT INTO "main"."jawaban" VALUES (239, 'work', 60);
INSERT INTO "main"."jawaban" VALUES (240, 'a work', 60);
INSERT INTO "main"."jawaban" VALUES (241, 'an (v)', 61);
INSERT INTO "main"."jawaban" VALUES (242, 'a', 61);
INSERT INTO "main"."jawaban" VALUES (243, 'some', 61);
INSERT INTO "main"."jawaban" VALUES (244, 'one', 61);
INSERT INTO "main"."jawaban" VALUES (245, 'has so little a', 62);
INSERT INTO "main"."jawaban" VALUES (246, 'has very little (v)', 62);
INSERT INTO "main"."jawaban" VALUES (247, 'has so few', 62);
INSERT INTO "main"."jawaban" VALUES (248, 'has very few', 62);
INSERT INTO "main"."jawaban" VALUES (249, 'Only little nations', 63);
INSERT INTO "main"."jawaban" VALUES (250, 'Only few nations', 63);
INSERT INTO "main"."jawaban" VALUES (251, 'Only a little nations', 63);
INSERT INTO "main"."jawaban" VALUES (252, 'Only a few nations (v)', 63);
INSERT INTO "main"."jawaban" VALUES (253, 'have', 64);
INSERT INTO "main"."jawaban" VALUES (254, 'much (v)', 64);
INSERT INTO "main"."jawaban" VALUES (255, 'in', 64);
INSERT INTO "main"."jawaban" VALUES (256, 'been insterested', 64);
INSERT INTO "main"."jawaban" VALUES (257, 'take (v)', 65);
INSERT INTO "main"."jawaban" VALUES (258, 'depressant', 65);
INSERT INTO "main"."jawaban" VALUES (259, 'activity', 65);
INSERT INTO "main"."jawaban" VALUES (260, 'central', 65);
INSERT INTO "main"."jawaban" VALUES (261, 'People in your country like', 66);
INSERT INTO "main"."jawaban" VALUES (262, 'Do people in your country like (v)', 66);
INSERT INTO "main"."jawaban" VALUES (263, 'May people in your country liked', 66);
INSERT INTO "main"."jawaban" VALUES (264, 'Have people in your country like', 66);
INSERT INTO "main"."jawaban" VALUES (265, 'after 1970', 67);
INSERT INTO "main"."jawaban" VALUES (266, 'in 1970', 67);
INSERT INTO "main"."jawaban" VALUES (267, 'for 1970', 67);
INSERT INTO "main"."jawaban" VALUES (268, 'since 1970 (v)', 67);
INSERT INTO "main"."jawaban" VALUES (269, 'surrendering', 68);
INSERT INTO "main"."jawaban" VALUES (270, 'he surrendered', 68);
INSERT INTO "main"."jawaban" VALUES (271, 'surredered (v)', 68);
INSERT INTO "main"."jawaban" VALUES (272, 'surrender', 68);
INSERT INTO "main"."jawaban" VALUES (273, 'develop(v)', 69);
INSERT INTO "main"."jawaban" VALUES (274, 'particularly', 69);
INSERT INTO "main"."jawaban" VALUES (275, 'weave', 69);
INSERT INTO "main"."jawaban" VALUES (276, 'grasses', 69);
INSERT INTO "main"."jawaban" VALUES (277, 'that', 70);
INSERT INTO "main"."jawaban" VALUES (278, 'provides (v)', 70);
INSERT INTO "main"."jawaban" VALUES (279, 'astronomers', 70);
INSERT INTO "main"."jawaban" VALUES (280, 'since', 70);
INSERT INTO "main"."jawaban" VALUES (281, 'hers', 71);
INSERT INTO "main"."jawaban" VALUES (282, 'she', 71);
INSERT INTO "main"."jawaban" VALUES (283, 'herself (v)', 71);
INSERT INTO "main"."jawaban" VALUES (284, 'he', 71);
INSERT INTO "main"."jawaban" VALUES (285, 'him', 72);
INSERT INTO "main"."jawaban" VALUES (286, 'them', 72);
INSERT INTO "main"."jawaban" VALUES (287, 'its', 72);
INSERT INTO "main"."jawaban" VALUES (288, 'it (v)', 72);
INSERT INTO "main"."jawaban" VALUES (289, 'often used', 73);
INSERT INTO "main"."jawaban" VALUES (290, 'export', 73);
INSERT INTO "main"."jawaban" VALUES (291, 'them (v)', 73);
INSERT INTO "main"."jawaban" VALUES (292, 'other uses', 73);
INSERT INTO "main"."jawaban" VALUES (293, 'was shot', 74);
INSERT INTO "main"."jawaban" VALUES (294, 'as', 74);
INSERT INTO "main"."jawaban" VALUES (295, 'his (v)', 74);
INSERT INTO "main"."jawaban" VALUES (296, 'leaving', 74);
INSERT INTO "main"."jawaban" VALUES (297, 'they', 75);
INSERT INTO "main"."jawaban" VALUES (298, 'others', 75);
INSERT INTO "main"."jawaban" VALUES (299, 'later', 75);
INSERT INTO "main"."jawaban" VALUES (300, 'him (v)', 75);
INSERT INTO "main"."jawaban" VALUES (301, 'more common', 76);
INSERT INTO "main"."jawaban" VALUES (302, 'common', 76);
INSERT INTO "main"."jawaban" VALUES (303, 'most common (v)', 76);
INSERT INTO "main"."jawaban" VALUES (304, 'the most common', 76);
INSERT INTO "main"."jawaban" VALUES (305, 'higher (v)', 77);
INSERT INTO "main"."jawaban" VALUES (306, 'high', 77);
INSERT INTO "main"."jawaban" VALUES (307, 'the high', 77);
INSERT INTO "main"."jawaban" VALUES (308, 'the higher', 77);
INSERT INTO "main"."jawaban" VALUES (309, 'It was the most', 78);
INSERT INTO "main"."jawaban" VALUES (310, 'Most (v)', 78);
INSERT INTO "main"."jawaban" VALUES (311, 'Most of the', 78);
INSERT INTO "main"."jawaban" VALUES (312, 'The Most', 78);
INSERT INTO "main"."jawaban" VALUES (313, 'are', 79);
INSERT INTO "main"."jawaban" VALUES (314, 'the most (v)', 79);
INSERT INTO "main"."jawaban" VALUES (315, 'than', 79);
INSERT INTO "main"."jawaban" VALUES (316, 'moleculer of', 79);
INSERT INTO "main"."jawaban" VALUES (317, 'the earliest', 80);
INSERT INTO "main"."jawaban" VALUES (318, 'the', 80);
INSERT INTO "main"."jawaban" VALUES (319, 'procedure (v)', 80);
INSERT INTO "main"."jawaban" VALUES (320, 'the risk', 80);
INSERT INTO "main"."jawaban" VALUES (321, 'He''ll correct the exams this afternoon.', 81);
INSERT INTO "main"."jawaban" VALUES (322, 'The exam will be at noon.', 81);
INSERT INTO "main"."jawaban" VALUES (323, 'He will collect the exams at 12.00.', 81);
INSERT INTO "main"."jawaban" VALUES (324, 'The test will be graded by noon. (v)', 81);
INSERT INTO "main"."jawaban" VALUES (325, 'Martha applied for a visa last month.', 82);
INSERT INTO "main"."jawaban" VALUES (326, 'Martha''s visa will last for only a month.', 82);
INSERT INTO "main"."jawaban" VALUES (327, 'Martha arrived last month without her visa.', 82);
INSERT INTO "main"."jawaban" VALUES (328, 'One month ago Martha got her visa. (v)', 82);
INSERT INTO "main"."jawaban" VALUES (329, 'The professor described what the students should do. (v)', 83);
INSERT INTO "main"."jawaban" VALUES (330, 'There was a long line to register for the required class.', 83);
INSERT INTO "main"."jawaban" VALUES (331, 'It is a requirement for each professor to teach at least one course.', 83);
INSERT INTO "main"."jawaban" VALUES (332, 'The professor required the class to prepare an outline.', 83);
INSERT INTO "main"."jawaban" VALUES (333, 'Chuck had improved.', 84);
INSERT INTO "main"."jawaban" VALUES (334, 'This visit was better than the last.', 84);
INSERT INTO "main"."jawaban" VALUES (335, 'Chuck looked at him in the hospital.', 84);
INSERT INTO "main"."jawaban" VALUES (336, 'Chuck didn''t seem to be doing very well.(v)', 84);
INSERT INTO "main"."jawaban" VALUES (337, 'She thinks the tuition should be raised.', 85);
INSERT INTO "main"."jawaban" VALUES (338, 'The semester''s tuition is quite affordable.', 85);
INSERT INTO "main"."jawaban" VALUES (339, 'She doesn''t have enough money for her school fees.(v)', 85);
INSERT INTO "main"."jawaban" VALUES (340, 'She has more than enough for tuition.', 85);
INSERT INTO "main"."jawaban" VALUES (341, 'He thinks he got a good grade. ', 86);
INSERT INTO "main"."jawaban" VALUES (342, 'The history grades were  all C or above.', 86);
INSERT INTO "main"."jawaban" VALUES (343, 'No one got history grades. ', 86);
INSERT INTO "main"."jawaban" VALUES (344, 'There were  no high  scores. (v)', 86);
INSERT INTO "main"."jawaban" VALUES (345, 'The parking lots were  full before 10:00. (v)', 87);
INSERT INTO "main"."jawaban" VALUES (346, 'It was impossible to start  class by 10:00.', 87);
INSERT INTO "main"."jawaban" VALUES (347, 'He parked the car before class at 10:00.', 87);
INSERT INTO "main"."jawaban" VALUES (348, 'The possibility of finding a place to park  increased.', 87);
INSERT INTO "main"."jawaban" VALUES (349, 'She''s found a new ring.', 88);
INSERT INTO "main"."jawaban" VALUES (350, 'She needs  to help  him  find something.', 88);
INSERT INTO "main"."jawaban" VALUES (351, 'She''s shopping for a carpet. (v)', 88);
INSERT INTO "main"."jawaban" VALUES (352, 'She''s thankful she has a rag.', 88);
INSERT INTO "main"."jawaban" VALUES (353, 'In a department store', 89);
INSERT INTO "main"."jawaban" VALUES (354, 'In a bank (v)', 89);
INSERT INTO "main"."jawaban" VALUES (355, 'In an accounting firm', 89);
INSERT INTO "main"."jawaban" VALUES (356, 'In a checkout line', 89);
INSERT INTO "main"."jawaban" VALUES (357, 'Jane  usually visits  San Francisco for her vacations. (v)', 90);
INSERT INTO "main"."jawaban" VALUES (358, 'Jane''s cousin often  visits  San Francisco.', 90);
INSERT INTO "main"."jawaban" VALUES (359, 'Whenever there''s a holiday, Jane''s cousin goes to San Francisco.', 90);
INSERT INTO "main"."jawaban" VALUES (360, 'Whenever there''s a holiday, Jane leaves San Francisco.', 90);
INSERT INTO "main"."jawaban" VALUES (361, 'He''d really like to have something to eat. (v)', 91);
INSERT INTO "main"."jawaban" VALUES (362, 'Because he''s weak, he can''t  eat.', 91);
INSERT INTO "main"."jawaban" VALUES (363, 'It''s been  weeks since  he''s had anything to eat.', 91);
INSERT INTO "main"."jawaban" VALUES (364, 'He hasn''t  felt like eating for weeks.', 91);
INSERT INTO "main"."jawaban" VALUES (365, 'Traffic should not be allowed.', 92);
INSERT INTO "main"."jawaban" VALUES (366, 'She thinks that  the traffic should stay outside.', 92);
INSERT INTO "main"."jawaban" VALUES (367, 'She agrees that  the traffic is noisy. (v)', 92);
INSERT INTO "main"."jawaban" VALUES (368, 'She''ll stay outside with  the man.', 92);
INSERT INTO "main"."jawaban" VALUES (369, 'The headings for today''s reading assignment.', 93);
INSERT INTO "main"."jawaban" VALUES (370, 'The chance to make  the headlines. ', 93);
INSERT INTO "main"."jawaban" VALUES (371, 'Her reading ability.', 93);
INSERT INTO "main"."jawaban" VALUES (372, 'The daily newspaper. (v)', 93);
INSERT INTO "main"."jawaban" VALUES (373, 'The bus trip  is only five minutes long. ', 94);
INSERT INTO "main"."jawaban" VALUES (374, 'The man  missed the bus by five minutes.', 94);
INSERT INTO "main"."jawaban" VALUES (375, 'The man  should hurry  to catch  the bus. (v)', 94);
INSERT INTO "main"."jawaban" VALUES (376, 'The bus was five minutes late.', 94);
INSERT INTO "main"."jawaban" VALUES (377, 'It''s not possible to pass  the class. ', 95);
INSERT INTO "main"."jawaban" VALUES (378, 'She''ll definitely fail.', 95);
INSERT INTO "main"."jawaban" VALUES (379, 'It''s always possible. (v)', 95);
INSERT INTO "main"."jawaban" VALUES (380, 'She shouldn''t say anything about  the class.', 95);
INSERT INTO "main"."jawaban" VALUES (381, 'She gave Tom money to pay the rent.', 96);
INSERT INTO "main"."jawaban" VALUES (382, 'She was given money for the rent. (v)', 96);
INSERT INTO "main"."jawaban" VALUES (383, 'Tom borrowed money for the rent.', 96);
INSERT INTO "main"."jawaban" VALUES (384, 'She had some money to lend.', 96);
INSERT INTO "main"."jawaban" VALUES (385, 'The cake is extremely good. (v)', 97);
INSERT INTO "main"."jawaban" VALUES (386, 'He never  tasted  the cake.', 97);
INSERT INTO "main"."jawaban" VALUES (387, 'He wished  he hadn''t tasted  the cake. ', 97);
INSERT INTO "main"."jawaban" VALUES (388, 'The cake has never been very good.', 97);
INSERT INTO "main"."jawaban" VALUES (389, 'At the comer she ran into another car.', 98);
INSERT INTO "main"."jawaban" VALUES (390, 'She ran  to Carl because she cared.', 98);
INSERT INTO "main"."jawaban" VALUES (391, 'She unexpectedly met one of her relatives. (v)', 98);
INSERT INTO "main"."jawaban" VALUES (392, 'Carl was running from place to place.', 98);
INSERT INTO "main"."jawaban" VALUES (393, 'She shouldn''t leave her purse here.', 99);
INSERT INTO "main"."jawaban" VALUES (394, 'She''s probably in the apartment. (v)', 99);
INSERT INTO "main"."jawaban" VALUES (395, 'Her purse must not be in the apartment.', 99);
INSERT INTO "main"."jawaban" VALUES (396, 'She left without taking her purse.', 99);
INSERT INTO "main"."jawaban" VALUES (397, 'The landlord failed to collect rent on the first of last month.', 100);
INSERT INTO "main"."jawaban" VALUES (398, 'The tenants absolutely must  pay rent at the beginning of the month. (v)', 100);
INSERT INTO "main"."jawaban" VALUES (399, 'The landlord will not fail to collect your rent on the first of next month.', 100);
INSERT INTO "main"."jawaban" VALUES (400, 'It is important to call the landlord about rent on the first of the month.', 100);
INSERT INTO "main"."jawaban" VALUES (401, 'Taking the car out for a test drive.', 101);
INSERT INTO "main"."jawaban" VALUES (402, 'Listening to the noises.', 101);
INSERT INTO "main"."jawaban" VALUES (403, 'Fixing the car herself.', 101);
INSERT INTO "main"."jawaban" VALUES (404, 'Getting  the car repaired. (v)', 101);
INSERT INTO "main"."jawaban" VALUES (405, 'Martha''s jobs are easy.', 102);
INSERT INTO "main"."jawaban" VALUES (406, 'It''s easy to hold two jobs.', 102);
INSERT INTO "main"."jawaban" VALUES (407, 'It''s better for Martha to have two jobs.', 102);
INSERT INTO "main"."jawaban" VALUES (408, 'Martha should slow down. (v)', 102);
INSERT INTO "main"."jawaban" VALUES (409, 'The plane took off just after he arrived. (v)', 103);
INSERT INTO "main"."jawaban" VALUES (410, 'He arrived  just after the plane took off.', 103);
INSERT INTO "main"."jawaban" VALUES (411, 'He wasn''t in time to catch the plane.', 103);
INSERT INTO "main"."jawaban" VALUES (412, 'He arrived too late to catch the plane.', 103);
INSERT INTO "main"."jawaban" VALUES (413, 'He agrees with the woman''s suggestion.', 104);
INSERT INTO "main"."jawaban" VALUES (414, 'Parking is not free on the weekend. ', 104);
INSERT INTO "main"."jawaban" VALUES (415, 'It is not necessary for them to park.', 104);
INSERT INTO "main"."jawaban" VALUES (416, 'He thinks they don''t  have to pay. (v)', 104);
INSERT INTO "main"."jawaban" VALUES (417, 'He is eager  to leave his job. (v)', 105);
INSERT INTO "main"."jawaban" VALUES (418, 'He is unhappy at the thought of retiring.', 105);
INSERT INTO "main"."jawaban" VALUES (419, 'He couldn''t be unhappier about retiring.', 105);
INSERT INTO "main"."jawaban" VALUES (420, 'He is retiring too soon.', 105);
INSERT INTO "main"."jawaban" VALUES (421, 'He got the car he really wanted. ', 106);
INSERT INTO "main"."jawaban" VALUES (422, 'He didn''t get a new car.', 106);
INSERT INTO "main"."jawaban" VALUES (423, 'The car that he got was not his first choice. (v)', 106);
INSERT INTO "main"."jawaban" VALUES (424, 'He didn''t really want a new car.', 106);
INSERT INTO "main"."jawaban" VALUES (425, 'Mr. Drew pointedly asked the president about the committee.', 107);
INSERT INTO "main"."jawaban" VALUES (426, 'The president pointed to Mr. Drew''s head.', 107);
INSERT INTO "main"."jawaban" VALUES (427, 'Mr. Drew became head of the new commision. (v)', 107);
INSERT INTO "main"."jawaban" VALUES (428, 'Mr. Drew was committed to the president''s appointments.', 107);
INSERT INTO "main"."jawaban" VALUES (429, 'She felt inferior.', 108);
INSERT INTO "main"."jawaban" VALUES (430, 'She wasn''t furious.', 108);
INSERT INTO "main"."jawaban" VALUES (431, 'She felt there should  have been  more fairness.', 108);
INSERT INTO "main"."jawaban" VALUES (432, 'She was extremely angry. (v)', 108);
INSERT INTO "main"."jawaban" VALUES (433, 'The man would  do the dishes.', 109);
INSERT INTO "main"."jawaban" VALUES (434, 'The plates did not need to be washed.', 109);
INSERT INTO "main"."jawaban" VALUES (435, 'The man would  not be ready to go.', 109);
INSERT INTO "main"."jawaban" VALUES (436, 'The dishes would not be done.(v)', 109);
INSERT INTO "main"."jawaban" VALUES (437, 'He knew that grapes were cheaper than cherries.', 110);
INSERT INTO "main"."jawaban" VALUES (438, 'He didn''t know that grapes were cheaper than cherries. (v)', 110);
INSERT INTO "main"."jawaban" VALUES (439, 'He bought grapes because they were cheaper than cherries.', 110);
INSERT INTO "main"."jawaban" VALUES (440, 'He didn''t buy either grapes or cherries because of the price.', 110);
INSERT INTO "main"."jawaban" VALUES (441, 'Attend a football game  alone. ', 111);
INSERT INTO "main"."jawaban" VALUES (442, 'Go to a sporting event. (v)', 111);
INSERT INTO "main"."jawaban" VALUES (443, 'Eat in cafetaria and study.', 111);
INSERT INTO "main"."jawaban" VALUES (444, 'See a play.', 111);
INSERT INTO "main"."jawaban" VALUES (445, 'It''s the final game of the season.', 112);
INSERT INTO "main"."jawaban" VALUES (446, 'It''s better than the drama department''s  play.', 112);
INSERT INTO "main"."jawaban" VALUES (447, 'It''s a very important  game. (v)', 112);
INSERT INTO "main"."jawaban" VALUES (448, 'It''s close to the cafeteria.', 112);
INSERT INTO "main"."jawaban" VALUES (449, 'A play (v)', 113);
INSERT INTO "main"."jawaban" VALUES (450, 'A game', 113);
INSERT INTO "main"."jawaban" VALUES (451, 'A study group meeting', 113);
INSERT INTO "main"."jawaban" VALUES (452, 'Dinner in the cafeteria', 113);
INSERT INTO "main"."jawaban" VALUES (453, 'Saturday night', 114);
INSERT INTO "main"."jawaban" VALUES (454, 'After dinner in the cafeteria', 114);
INSERT INTO "main"."jawaban" VALUES (455, 'Sunday afternoon', 114);
INSERT INTO "main"."jawaban" VALUES (456, 'Maybe next weekend (v)', 114);
INSERT INTO "main"."jawaban" VALUES (457, 'Trash orbiting Earth (v)', 115);
INSERT INTO "main"."jawaban" VALUES (458, 'A trip by an astronaut to the Moon', 115);
INSERT INTO "main"."jawaban" VALUES (459, 'The overabundance of garbage on Earth', 115);
INSERT INTO "main"."jawaban" VALUES (460, 'Becoming space scientists', 115);
INSERT INTO "main"."jawaban" VALUES (461, 'From a lecture', 116);
INSERT INTO "main"."jawaban" VALUES (462, 'In a magazine article', 116);
INSERT INTO "main"."jawaban" VALUES (463, 'In a book', 116);
INSERT INTO "main"."jawaban" VALUES (464, 'On a television program (v)', 116);
INSERT INTO "main"."jawaban" VALUES (465, '17,000 pounds', 117);
INSERT INTO "main"."jawaban" VALUES (466, '3,000 tons (v)', 117);
INSERT INTO "main"."jawaban" VALUES (467, '3,000 pounds', 117);
INSERT INTO "main"."jawaban" VALUES (468, '300 tons', 117);
INSERT INTO "main"."jawaban" VALUES (469, 'She will be able to travel  in space.', 118);
INSERT INTO "main"."jawaban" VALUES (470, 'The problem will take  care  of itself.', 118);
INSERT INTO "main"."jawaban" VALUES (471, 'Scientists will find solutions to the problem. (v)', 118);
INSERT INTO "main"."jawaban" VALUES (472, 'The junk  will fall to Earth.', 118);
INSERT INTO "main"."jawaban" VALUES (473, 'On the first day of class', 119);
INSERT INTO "main"."jawaban" VALUES (474, 'In the middle of the semester (v)', 119);
INSERT INTO "main"."jawaban" VALUES (475, 'At the end of class', 119);
INSERT INTO "main"."jawaban" VALUES (476, 'In the final week of the semester', 119);
INSERT INTO "main"."jawaban" VALUES (477, 'Later  today', 120);
INSERT INTO "main"."jawaban" VALUES (478, 'By Friday  of this week (v)', 120);
INSERT INTO "main"."jawaban" VALUES (479, 'In two weeks', 120);
INSERT INTO "main"."jawaban" VALUES (480, 'In three  weeks', 120);
INSERT INTO "main"."jawaban" VALUES (481, 'Journal and magazine articles', 121);
INSERT INTO "main"."jawaban" VALUES (482, 'Books from outside the library', 121);
INSERT INTO "main"."jawaban" VALUES (483, 'Books listed in student journals', 121);
INSERT INTO "main"."jawaban" VALUES (484, 'Both books and journals (v)', 121);
INSERT INTO "main"."jawaban" VALUES (485, 'Two', 122);
INSERT INTO "main"."jawaban" VALUES (486, 'Three', 122);
INSERT INTO "main"."jawaban" VALUES (487, 'Five', 122);
INSERT INTO "main"."jawaban" VALUES (488, 'Seven (v)', 122);
INSERT INTO "main"."jawaban" VALUES (489, 'In winter ', 123);
INSERT INTO "main"."jawaban" VALUES (490, 'In spring (v)', 123);
INSERT INTO "main"."jawaban" VALUES (491, 'In summer', 123);
INSERT INTO "main"."jawaban" VALUES (492, 'In fall', 123);
INSERT INTO "main"."jawaban" VALUES (493, 'Seasonable, with warm summers and cold winters', 124);
INSERT INTO "main"."jawaban" VALUES (494, 'Fairly constant and moderate(v)', 124);
INSERT INTO "main"."jawaban" VALUES (495, 'Very humid', 124);
INSERT INTO "main"."jawaban" VALUES (496, 'Extremely hot year-round', 124);
INSERT INTO "main"."jawaban" VALUES (497, 'They come from the Southwest.', 125);
INSERT INTO "main"."jawaban" VALUES (498, 'They come most days of the year. (v)', 125);
INSERT INTO "main"."jawaban" VALUES (499, 'They are the hardest during the night.', 125);
INSERT INTO "main"."jawaban" VALUES (500, 'They increase  the humidity.', 125);
INSERT INTO "main"."jawaban" VALUES (501, 'Preparing for a trip (v)', 126);
INSERT INTO "main"."jawaban" VALUES (502, 'Writing a report about the wearher', 126);
INSERT INTO "main"."jawaban" VALUES (503, 'Beginning   a study  of the weather', 126);
INSERT INTO "main"."jawaban" VALUES (504, 'Buying  warm  clothes  for a trip', 126);
INSERT INTO "main"."jawaban" VALUES (505, 'Modern  American  Authors', 127);
INSERT INTO "main"."jawaban" VALUES (506, 'United  States  History', 127);
INSERT INTO "main"."jawaban" VALUES (507, 'American  Democracy', 127);
INSERT INTO "main"."jawaban" VALUES (508, 'Nineteenth-Century American Literature (v)', 127);
INSERT INTO "main"."jawaban" VALUES (509, 'The death of Abraham Lincoln', 128);
INSERT INTO "main"."jawaban" VALUES (510, 'The beauty of American democracy (v)', 128);
INSERT INTO "main"."jawaban" VALUES (511, 'The raising of plants', 128);
INSERT INTO "main"."jawaban" VALUES (512, 'The maturity of poetry', 128);
INSERT INTO "main"."jawaban" VALUES (513, 'It''s a poem about the author.', 129);
INSERT INTO "main"."jawaban" VALUES (514, 'It''s a poem about Abraham Lincoln.', 129);
INSERT INTO "main"."jawaban" VALUES (515, 'It''s a collection of twelve poems that remained unchanged.', 129);
INSERT INTO "main"."jawaban" VALUES (516, 'It''s a volume of poetry that grew with its author. (v)', 129);
INSERT INTO "main"."jawaban" VALUES (517, 'Leaves of Grass', 130);
INSERT INTO "main"."jawaban" VALUES (518, 'Song of Myself (v)', 130);
INSERT INTO "main"."jawaban" VALUES (519, 'When  Lilacs Last in the Dooryard Bloomed', 130);
INSERT INTO "main"."jawaban" VALUES (520, 'American Democracy', 130);
INSERT INTO "main"."jawaban" VALUES (521, 'estension', 51);

-- ----------------------------
-- Table structure for kelompok
-- ----------------------------
DROP TABLE IF EXISTS "main"."kelompok";
CREATE TABLE "kelompok" (
"id_group"  INTEGER PRIMARY KEY AUTOINCREMENT NOT NULL,
"text"  TEXT,
"type"  INTEGER
);

-- ----------------------------
-- Records of kelompok
-- ----------------------------
INSERT INTO "main"."kelompok" VALUES (1, 'Digital X-ray imaging sensors can be divided into two subgroups. In hybrid sensors, the X-ray sensitive detector and the readout integrated circuit (ROIC) are divided into two separate chips. In order to reduce noise from the electromagnetic disturbances from the  environment, the first preamplifier stage of the readout circuit has to be located as close as possible to the detector. It was therefore straight forward to develop low noise hybrid devices by putting the most significant part of the readout electronics on top of the detector chip. Interconnections between pixel detector and readout integrated circuit chip (ROIC) were provided by small solder or indium bumps by applying flip clip technique. Because all interconnections were produced simultaneously, highly segmented detector devices for imaging applications became possible. The limits in pixel segmentation of the detector area are thereby determined by the minimum size of the chip bumps and the required pixel area to accommodate the readout cicuitry on the readout chip.\nMonolithic X-ray sensors (CCDs, transistor arrays, drift detectors) contain at least part of the readout electronics on chip. The choice of sensor technology depends mainly on the application, the required sensor size and the demands in spatial resolution.\nAn advantage of the hybrid solution compared to monolithic devices is the fact, that detector chip and ROIC can be optimised separately. While for the ROIC the highly developed silicon CMOS technology is preferred, materials with improved detection properties for X-rays such as GaAs or CdTe can be used as detection medium.', 0);
INSERT INTO "main"."kelompok" VALUES (2, 'NASA''s viking program consisted of a pair of space probes sent to Mars, Viking 1 and Viking 2. Each spacecraft was composed of two main parts, an orbiter designed to photograph the surface of Mars from orbitm and a lander designed to study the planet from the surface. The orbiters also served as communication relays for the landers once they touched down. It was the most expensive and ambitious mission ever sent to Mars, with a total cost of roughly US$1 billion. It was highly successful and formed most of the database of information about Mars until the late 1990s and early 2000s. The Viking program grew from NASA''s earlier, and more ambitious Voyager Mars program, which was not related to the successful Voyager deep space probes of the late 1970s. Viking 1 was launched on August 20, 1975 and the second craft, Viking 2 was launched on September 9, 1975, both riding atop Titan III-E rockets with Centaur upper stages. After orbiting Mars and returning images used for landing site selection, the orbiter and lader detached and the lander entered the Martian atmosphere and soft-landed at the selected site.The orbiters continued imaging and performing other scientific operations from orbit while the landers deployed instruments on the surface. The fully fueled orbiter-lander pair had a mass of 3527 kg. After separation and landing, the lander had a mass of about 600 kg and the orbiter 900 kg.', 0);
INSERT INTO "main"."kelompok" VALUES (3, 'part_a_1.ogg', 1);
INSERT INTO "main"."kelompok" VALUES (4, 'part_a_2.ogg', 1);
INSERT INTO "main"."kelompok" VALUES (5, 'part_a_3.ogg', 1);
INSERT INTO "main"."kelompok" VALUES (6, 'part_a_4.ogg', 1);
INSERT INTO "main"."kelompok" VALUES (7, 'part_a_5.ogg', 1);
INSERT INTO "main"."kelompok" VALUES (8, 'part_a_6.ogg', 1);
INSERT INTO "main"."kelompok" VALUES (9, 'part_a_7.ogg', 1);
INSERT INTO "main"."kelompok" VALUES (10, 'part_a_8.ogg', 1);
INSERT INTO "main"."kelompok" VALUES (11, 'part_a_9.ogg', 1);
INSERT INTO "main"."kelompok" VALUES (12, 'part_a_10.ogg', 1);
INSERT INTO "main"."kelompok" VALUES (13, 'part_a_11.ogg', 1);
INSERT INTO "main"."kelompok" VALUES (14, 'part_a_12.ogg', 1);
INSERT INTO "main"."kelompok" VALUES (15, 'part_a_13.ogg', 1);
INSERT INTO "main"."kelompok" VALUES (16, 'part_a_14.ogg', 1);
INSERT INTO "main"."kelompok" VALUES (17, 'part_a_15.ogg', 1);
INSERT INTO "main"."kelompok" VALUES (18, 'part_a_16.ogg', 1);
INSERT INTO "main"."kelompok" VALUES (19, 'part_a_17.ogg', 1);
INSERT INTO "main"."kelompok" VALUES (20, 'part_a_18.ogg', 1);
INSERT INTO "main"."kelompok" VALUES (21, 'part_a_19.ogg', 1);
INSERT INTO "main"."kelompok" VALUES (22, 'part_a_20.ogg', 1);
INSERT INTO "main"."kelompok" VALUES (23, 'part_a_21.ogg', 1);
INSERT INTO "main"."kelompok" VALUES (24, 'part_a_22.ogg', 1);
INSERT INTO "main"."kelompok" VALUES (25, 'part_a_23.ogg', 1);
INSERT INTO "main"."kelompok" VALUES (26, 'part_a_24.ogg', 1);
INSERT INTO "main"."kelompok" VALUES (27, 'part_a_25.ogg', 1);
INSERT INTO "main"."kelompok" VALUES (28, 'part_a_26.ogg', 1);
INSERT INTO "main"."kelompok" VALUES (29, 'part_a_27.ogg', 1);
INSERT INTO "main"."kelompok" VALUES (30, 'part_a_28.ogg', 1);
INSERT INTO "main"."kelompok" VALUES (31, 'part_a_29.ogg', 1);
INSERT INTO "main"."kelompok" VALUES (32, 'part_a_30.ogg', 1);
INSERT INTO "main"."kelompok" VALUES (33, 'part_b_conversation_31_34.ogg', 2);
INSERT INTO "main"."kelompok" VALUES (34, 'part_b_conversation_35_38.ogg', 2);
INSERT INTO "main"."kelompok" VALUES (35, 'part_b_directions.ogg', -2);
INSERT INTO "main"."kelompok" VALUES (36, 'part_b_epilog.ogg', -20);
INSERT INTO "main"."kelompok" VALUES (37, 'part_c_directions.ogg', -3);
INSERT INTO "main"."kelompok" VALUES (38, 'part_c_epilog_part_c.ogg', -30);
INSERT INTO "main"."kelompok" VALUES (39, 'part_c_recording_43_46.ogg', 3);
INSERT INTO "main"."kelompok" VALUES (40, 'part_c_recording_for_39_42.ogg', 3);
INSERT INTO "main"."kelompok" VALUES (41, 'part_c_recording_for_47_50.ogg', 3);

-- ----------------------------
-- Table structure for soal
-- ----------------------------
DROP TABLE IF EXISTS "main"."soal";
CREATE TABLE "soal" (
"id_soal"  INTEGER PRIMARY KEY AUTOINCREMENT NOT NULL,
"soal"  TEXT,
"id_jawaban"  TEXT,
"id_group"  INTEGER DEFAULT 0,
"type"  TEXT
);

-- ----------------------------
-- Records of soal
-- ----------------------------
INSERT INTO "main"."soal" VALUES (1, '_____________ did American colonists begin to use wooden shingles to roof their houses more than they used thatcing.', 3, 0, 'text');
INSERT INTO "main"."soal" VALUES (2, 'The advent of the personal computer and easy access to information via the Internet has allowed many more entrepreneurs _____________ than ever before.', 5, 0, 'text');
INSERT INTO "main"."soal" VALUES (3, 'The genetic condition _____________  of an extra chromosome 21 is Down syndrome.', 10, 0, 'text');
INSERT INTO "main"."soal" VALUES (4, '_____________ glacial sediment, the moister the surface soil became.', 15, 0, 'text');
INSERT INTO "main"."soal" VALUES (5, '_____________, the first federal road in the United States, was also called the National Road.', 17, 0, 'text');
INSERT INTO "main"."soal" VALUES (6, 'Sufficient gravitational force is _____________ atmosphere; otherwise the atmosphere will drift off into space .', 24, 0, 'text');
INSERT INTO "main"."soal" VALUES (7, 'Frost occurs in valleys and low grounds _____________ on adjacent hills.', 27, 0, 'text');
INSERT INTO "main"."soal" VALUES (8, 'Societies _____________ to at least 1500 B.C. made use of molds to treat superficial infections.', 31, 0, 'text');
INSERT INTO "main"."soal" VALUES (9, '_____________ Abraham Lincoln saved from Thanksgiving dinner became a beloved family pet.', 35, 0, 'text');
INSERT INTO "main"."soal" VALUES (10, 'We do not _____________ the drill was first developed for woodworking or fire making.', 39, 0, 'text');
INSERT INTO "main"."soal" VALUES (11, 'Most cells in multicelled organisms perform _____________ functions.', 42, 0, 'text');
INSERT INTO "main"."soal" VALUES (12, 'The bacteria in milk is destroyed when _____________  to at least 62 C.', 47, 0, 'text');
INSERT INTO "main"."soal" VALUES (13, 'Uranus is just _____________ to be seen on a clear night with the naked eye.', 49, 0, 'text');
INSERT INTO "main"."soal" VALUES (14, '_____________ unknown quantities is the task of algebra.', 56, 0, 'text');
INSERT INTO "main"."soal" VALUES (15, 'About three-fourths of the books published in the United States are put out by publishers _____________ in New York City.', 58, 0, 'text');
INSERT INTO "main"."soal" VALUES (16, 'Th farther an object from the surface of a planet, _____________ .', 62, 0, 'text');
INSERT INTO "main"."soal" VALUES (17, 'Many communities _____________ a complex system of linguistic levels in order to show respect.', 68, 0, 'text');
INSERT INTO "main"."soal" VALUES (18, 'The earth''s one year revolution around the Sun changes how _____________ on one hemisphere or the other.', 72, 0, 'text');
INSERT INTO "main"."soal" VALUES (19, 'At temperatures _____________ absolute zero, substances process minimal energy.', 75, 0, 'text');
INSERT INTO "main"."soal" VALUES (20, 'The yearly path of the sun around the heavens _____________.', 79, 0, 'text');
INSERT INTO "main"."soal" VALUES (21, '_____________, he would have signed his name in the corner.', 83, 0, 'text');
INSERT INTO "main"."soal" VALUES (22, 'Before Alexander Flemming discovered penicilin, many people died _____________.', 86, 0, 'text');
INSERT INTO "main"."soal" VALUES (23, 'The oldest known daggers are ones that Neolithic humans _____________ out of flint.', 90, 0, 'text');
INSERT INTO "main"."soal" VALUES (24, '_____________ Einsteins was able to come up with a theory that has yet to be disproved.', 94, 0, 'text');
INSERT INTO "main"."soal" VALUES (25, 'Weathering _____________ the action whereby surface rock is disintegrated or decomposed.', 99, 0, 'text');
INSERT INTO "main"."soal" VALUES (26, 'A sheet of clear glass, _____________ with a film of metal, results in a luminously clear mirror.', 101, 0, 'text');
INSERT INTO "main"."soal" VALUES (27, 'In excess of 80 percent of the UN''s budget is used _____________ the economic development of member nations.', 108, 0, 'text');
INSERT INTO "main"."soal" VALUES (28, '_____________ the passage of light, many new plastics are processed using technologies rivaling those used in the manufacture of computer chips.', 109, 0, 'text');
INSERT INTO "main"."soal" VALUES (29, '_____________ radio as the first practical system of wireless telegraphy.', 116, 0, 'text');
INSERT INTO "main"."soal" VALUES (30, 'Yeast is an organic catalyst _____________ known to prehistoric humanity.', 118, 0, 'text');
INSERT INTO "main"."soal" VALUES (31, 'The passage is mainly about', 122, 1, 'text');
INSERT INTO "main"."soal" VALUES (32, 'The word "hybrid" in line 1 is closest in meaning to', 125, 1, 'text');
INSERT INTO "main"."soal" VALUES (33, 'According to the passage, what is the function of indium bumps?', 130, 1, 'text');
INSERT INTO "main"."soal" VALUES (34, 'The following are true according to the passage EXCEPT that', 134, 1, 'text');
INSERT INTO "main"."soal" VALUES (35, 'The word "disturbances" in line 3 is closest in meaning to', 138, 1, 'text');
INSERT INTO "main"."soal" VALUES (36, 'It can be inferred from the passage that digital X-ray imaging sensors', 144, 1, 'text');
INSERT INTO "main"."soal" VALUES (37, 'The word "mainly" in line 14 could be best replaced by', 145, 1, 'text');
INSERT INTO "main"."soal" VALUES (38, 'Where in the passage does the author mention the benefit of hybrid sensors?', 151, 1, 'text');
INSERT INTO "main"."soal" VALUES (39, 'A "chip" is probably', 153, 1, 'text');
INSERT INTO "main"."soal" VALUES (40, 'What is the subject of this passage', 158, 2, 'text');
INSERT INTO "main"."soal" VALUES (41, 'An "orbiter" in line 2 is', 161, 2, 'text');
INSERT INTO "main"."soal" VALUES (42, 'According to the passage, what is the purpose of launching Vikings 1 and 2?', 168, 2, 'text');
INSERT INTO "main"."soal" VALUES (43, 'The word "relays" in line 4 can be replaced by', 170, 2, 'text');
INSERT INTO "main"."soal" VALUES (44, 'Where in the passage does the author mention another mission before Viking?', 174, 2, 'text');
INSERT INTO "main"."soal" VALUES (45, 'The word "riding" in line 11 can be replaced by', 178, 2, 'text');
INSERT INTO "main"."soal" VALUES (46, 'Which of the following is NOT true about Viking program?', 183, 2, 'text');
INSERT INTO "main"."soal" VALUES (47, 'The word "detached" in line 14 can be the best replaced by', 185, 2, 'text');
INSERT INTO "main"."soal" VALUES (48, 'When did the orbiter go down and come into the Martian atmosphere?', 191, 2, 'text');
INSERT INTO "main"."soal" VALUES (49, 'The word "imaging" in line 15 is similar in meaning to ', 193, 2, 'text');
INSERT INTO "main"."soal" VALUES (50, 'To generate income, magazine publishers must decide wether to increase the subscription price or _____________.', 200, 0, 'text');
INSERT INTO "main"."soal" VALUES (51, 'In 1905, Henry Flagger announced his plans _____________ his Florida East Cost Railway out accross the sea to Key West.', 203, 0, 'text');
INSERT INTO "main"."soal" VALUES (52, 'The people of Western Canada have been considering _____________ themselves from the rest of the provinces.', 206, 0, 'text');
INSERT INTO "main"."soal" VALUES (53, 'Fast-food restaurants have become popular because many working people want  _____________.', 208, 0, 'text');
INSERT INTO "main"."soal" VALUES (54, 'Almost everyone fails  _____________ on the first try.', 212, 0, 'text');
INSERT INTO "main"."soal" VALUES (55, 'An overly detailed  _____________ of the characters and setting of a novel can sometimes distract from the narrative quality of a short story.', 218, 0, 'text');
INSERT INTO "main"."soal" VALUES (56, 'Sound waves are produced when _____________.', 220, 0, 'text');
INSERT INTO "main"."soal" VALUES (57, 'Having been selected to represent the association of American Doctors at the International Convention,  _____________ .', 226, 0, 'text');
INSERT INTO "main"."soal" VALUES (58, 'An eighteen-watt fluorescent bulb seems as brightly as seventy-five-watt incandescent bulb.', 229, 0, 'text');
INSERT INTO "main"."soal" VALUES (59, ' Of Jane Austeen''s six grest novels, the first four were published anonymous during her lifetime.', 235, 0, 'text');
INSERT INTO "main"."soal" VALUES (60, 'Unemployment compensation is money to support an employed person while he is looking for _____________.', 237, 0, 'text');
INSERT INTO "main"."soal" VALUES (61, 'Sunspots are known to cause _____________ enormous increase in the intensity of the sun''s electromagnetic radiation.', 241, 0, 'text');
INSERT INTO "main"."soal" VALUES (62, 'For the investors who _____________ money, silver or bonds are good points.', 246, 0, 'text');
INSERT INTO "main"."soal" VALUES (63, '_____________ in the world export diamonds.', 252, 0, 'text');
INSERT INTO "main"."soal" VALUES (64, 'Never before have so much people in the United States been interested in soccer.', 254, 0, 'text');
INSERT INTO "main"."soal" VALUES (65, 'When someone take a depressant, the level of activity in the central nervous system is lowered.', 257, 0, 'text');
INSERT INTO "main"."soal" VALUES (66, '_____________ to go to the grocery store every day?', 262, 0, 'text');
INSERT INTO "main"."soal" VALUES (67, 'Political demonstration on American campuses have abated _____________.', 268, 0, 'text');
INSERT INTO "main"."soal" VALUES (68, 'Robert E.Lee _____________ The Confederate Army to General Grant in 1865 at the Appomatox Courthouse.', 271, 0, 'text');
INSERT INTO "main"."soal" VALUES (69, 'By the end of nineteen century, Basket makers of the Aleutian Islands had developed a particularly fine weave from beach grasses.', 273, 0, 'text');
INSERT INTO "main"."soal" VALUES (70, 'A milky way object that erupted in the constellation Scorpious has provides information to astronomers since July.', 278, 0, 'text');
INSERT INTO "main"."soal" VALUES (71, 'Although Margaret Mead had several assistants during her long investigations of Samoa, the bulk of the research was done by _____________.', 283, 0, 'text');
INSERT INTO "main"."soal" VALUES (72, 'The crime rate has continued to rise in the American cities despite efforts on the part of both government and private citizens to curb _____________.', 288, 0, 'text');
INSERT INTO "main"."soal" VALUES (73, 'Commercial letters of credit are often used to finance export tradem but them can have other uses.', 291, 0, 'text');
INSERT INTO "main"."soal" VALUES (74, 'On March 30, 1981, President Reagan was shot as his was leaving a Washington hotel.', 295, 0, 'text');
INSERT INTO "main"."soal" VALUES (75, 'A baby learns the meaning of words as they are spoken by others and later uses him in sentences.', 300, 0, 'text');
INSERT INTO "main"."soal" VALUES (76, 'The use of detail is _____________ method of developing a controlling idea and almost all students employ this method.', 303, 0, 'text');
INSERT INTO "main"."soal" VALUES (77, 'The greater the demand, _____________ the price.', 305, 0, 'text');
INSERT INTO "main"."soal" VALUES (78, '_____________ impressive chapter in the book was the chapter on Stuart''s scientific theories.', 309, 0, 'text');
INSERT INTO "main"."soal" VALUES (79, 'Protein molecules are the most complex than the molecules of carbohydrates.', 314, 0, 'text');
INSERT INTO "main"."soal" VALUES (80, 'The earliest the CVS procedure in the pregnancy, the greater the risk to the baby.', 319, 0, 'text');
INSERT INTO "main"."soal" VALUES (81, 'part_a_1.ogg', 324, 0, 'audio');
INSERT INTO "main"."soal" VALUES (82, 'part_a_2.ogg', 328, 0, 'audio');
INSERT INTO "main"."soal" VALUES (83, 'part_a_3.ogg', 329, 0, 'audio');
INSERT INTO "main"."soal" VALUES (84, 'part_a_4.ogg', 336, 0, 'audio');
INSERT INTO "main"."soal" VALUES (85, 'part_a_5.ogg', 339, 0, 'audio');
INSERT INTO "main"."soal" VALUES (86, 'part_a_6.ogg', 344, 0, 'audio');
INSERT INTO "main"."soal" VALUES (87, 'part_a_7.ogg', 345, 0, 'audio');
INSERT INTO "main"."soal" VALUES (88, 'part_a_8.ogg', 351, 0, 'audio');
INSERT INTO "main"."soal" VALUES (89, 'part_a_9.ogg', 354, 0, 'audio');
INSERT INTO "main"."soal" VALUES (90, 'part_a_10.ogg', 357, 0, 'audio');
INSERT INTO "main"."soal" VALUES (91, 'part_a_11.ogg', 361, 0, 'audio');
INSERT INTO "main"."soal" VALUES (92, 'part_a_12.ogg', 367, 0, 'audio');
INSERT INTO "main"."soal" VALUES (93, 'part_a_13.ogg', 372, 0, 'audio');
INSERT INTO "main"."soal" VALUES (94, 'part_a_14.ogg', 375, 0, 'audio');
INSERT INTO "main"."soal" VALUES (95, 'part_a_15.ogg', 379, 0, 'audio');
INSERT INTO "main"."soal" VALUES (96, 'part_a_16.ogg', 382, 0, 'audio');
INSERT INTO "main"."soal" VALUES (97, 'part_a_17.ogg', 385, 0, 'audio');
INSERT INTO "main"."soal" VALUES (98, 'part_a_18.ogg', 391, 0, 'audio');
INSERT INTO "main"."soal" VALUES (99, 'part_a_19.ogg', 394, 0, 'audio');
INSERT INTO "main"."soal" VALUES (100, 'part_a_20.ogg', 398, 0, 'audio');
INSERT INTO "main"."soal" VALUES (101, 'part_a_21.ogg', 404, 0, 'audio');
INSERT INTO "main"."soal" VALUES (102, 'part_a_22.ogg', 408, 0, 'audio');
INSERT INTO "main"."soal" VALUES (103, 'part_a_23.ogg', 409, 0, 'audio');
INSERT INTO "main"."soal" VALUES (104, 'part_a_24.ogg', 416, 0, 'audio');
INSERT INTO "main"."soal" VALUES (105, 'part_a_25.ogg', 417, 0, 'audio');
INSERT INTO "main"."soal" VALUES (106, 'part_a_26.ogg', 423, 0, 'audio');
INSERT INTO "main"."soal" VALUES (107, 'part_a_27.ogg', 427, 0, 'audio');
INSERT INTO "main"."soal" VALUES (108, 'part_a_28.ogg', 432, 0, 'audio');
INSERT INTO "main"."soal" VALUES (109, 'part_a_29.ogg', 436, 0, 'audio');
INSERT INTO "main"."soal" VALUES (110, 'part_a_30.ogg', 438, 0, 'audio');
INSERT INTO "main"."soal" VALUES (111, 'part_b_31.ogg', 442, 33, 'audio');
INSERT INTO "main"."soal" VALUES (112, 'part_b_32.ogg', 447, 33, 'audio');
INSERT INTO "main"."soal" VALUES (113, 'part_b_33.ogg', 449, 33, 'audio');
INSERT INTO "main"."soal" VALUES (114, 'part_b_34.ogg', 456, 33, 'audio');
INSERT INTO "main"."soal" VALUES (115, 'part_b_35.ogg', 457, 34, 'audio');
INSERT INTO "main"."soal" VALUES (116, 'part_b_36.ogg', 464, 34, 'audio');
INSERT INTO "main"."soal" VALUES (117, 'part_b_37.ogg', 466, 34, 'audio');
INSERT INTO "main"."soal" VALUES (118, 'part_b_38.ogg', 471, 34, 'audio');
INSERT INTO "main"."soal" VALUES (119, 'part_c_39.ogg', 474, 40, 'audio');
INSERT INTO "main"."soal" VALUES (120, 'part_c_40.ogg', 478, 40, 'audio');
INSERT INTO "main"."soal" VALUES (121, 'part_c_41.ogg', 484, 40, 'audio');
INSERT INTO "main"."soal" VALUES (122, 'part_c_42.ogg', 488, 40, 'audio');
INSERT INTO "main"."soal" VALUES (123, 'part_c_43.ogg', 490, 39, 'audio');
INSERT INTO "main"."soal" VALUES (124, 'part_c_44.ogg', 494, 39, 'audio');
INSERT INTO "main"."soal" VALUES (125, 'part_c_45.ogg', 498, 39, 'audio');
INSERT INTO "main"."soal" VALUES (126, 'part_c_46.ogg', 501, 39, 'audio');
INSERT INTO "main"."soal" VALUES (127, 'part_c_47.ogg', 508, 42, 'audio');
INSERT INTO "main"."soal" VALUES (128, 'part_c_48.ogg', 510, 42, 'audio');
INSERT INTO "main"."soal" VALUES (129, 'part_c_49.ogg', 516, 42, 'audio');
INSERT INTO "main"."soal" VALUES (130, 'part_c_50.ogg', 518, 42, 'audio');

-- ----------------------------
-- Table structure for sqlite_sequence
-- ----------------------------
DROP TABLE IF EXISTS "main"."sqlite_sequence";
CREATE TABLE sqlite_sequence(name,seq);

-- ----------------------------
-- Records of sqlite_sequence
-- ----------------------------
INSERT INTO "main"."sqlite_sequence" VALUES ('jawaban', 521);
INSERT INTO "main"."sqlite_sequence" VALUES ('kelompok', 41);
INSERT INTO "main"."sqlite_sequence" VALUES ('soal', 130);
